{
    "cycles_program_begin": 20867769926074720,
    "cpu_cycles_pass2_start": 20867771167844232,
    "NameTable": {
        "...MASTER...": [
            "SIM",
            "amcQw",
            "module",
            2
        ],
        "adder_tb": [
            "adder_tb",
            "tqbtF",
            "module",
            1
        ]
    },
    "perf": [
        {
            "stat": [
                "main",
                "entry",
                0.029237031936645508,
                0.058763999999999997,
                0.027888,
                219100,
                219100,
                0.0,
                0.0,
                1557066018.2812891,
                20867769926460336
            ],
            "sub": [
                {
                    "stat": [
                        "doParsingAndDesignResolution",
                        "entry",
                        0.37687802314758301,
                        0.066855999999999999,
                        0.038915999999999999,
                        289800,
                        290280,
                        0.0,
                        0.0,
                        1557066018.6289301,
                        20867770853392832
                    ],
                    "sub": []
                },
                {
                    "stat": [
                        "doParsingAndDesignResolution",
                        "exit",
                        0.38147497177124023,
                        0.068200999999999998,
                        0.042124000000000002,
                        290032,
                        290420,
                        0.0,
                        0.0,
                        1557066018.633527,
                        20867770865653272
                    ],
                    "sub": []
                },
                {
                    "stat": [
                        "doPostDesignResolutionToVir2Vcs",
                        "entry",
                        0.38234901428222656,
                        0.069073999999999997,
                        0.042124000000000002,
                        290032,
                        290420,
                        0.0,
                        0.0,
                        1557066018.6344011,
                        20867770867961720
                    ],
                    "sub": [
                        {
                            "stat": [
                                "doUptoVir2VcsNoSepCleanup",
                                "entry",
                                0.39877700805664062,
                                0.070036000000000001,
                                0.045463000000000003,
                                290996,
                                291000,
                                0.0,
                                0.0,
                                1557066018.6508291,
                                20867770911803656
                            ],
                            "sub": []
                        },
                        {
                            "stat": [
                                "doUptoVir2VcsNoSepCleanup",
                                "exit",
                                0.44815587997436523,
                                0.076011999999999996,
                                0.063009999999999997,
                                292496,
                                304840,
                                0.0065529999999999998,
                                0.019297999999999999,
                                1557066018.7002079,
                                20867771043499168
                            ],
                            "sub": []
                        },
                        {
                            "stat": [
                                "doRadify_vir2vcsAll",
                                "entry",
                                0.44826197624206543,
                                0.076069999999999999,
                                0.063058000000000003,
                                292496,
                                304840,
                                0.0065529999999999998,
                                0.019297999999999999,
                                1557066018.700314,
                                20867771043722488
                            ],
                            "sub": []
                        },
                        {
                            "stat": [
                                "doRadify_vir2vcsAll",
                                "exit",
                                0.45012402534484863,
                                0.076069999999999999,
                                0.064920000000000005,
                                292496,
                                304840,
                                0.0065529999999999998,
                                0.019297999999999999,
                                1557066018.7021761,
                                20867771048700224
                            ],
                            "sub": []
                        }
                    ]
                },
                {
                    "stat": [
                        "doPostDesignResolutionToVir2Vcs",
                        "exit",
                        0.45017504692077637,
                        0.076069999999999999,
                        0.064971000000000001,
                        292496,
                        304840,
                        0.0065529999999999998,
                        0.019297999999999999,
                        1557066018.7022271,
                        20867771048814928
                    ],
                    "sub": []
                },
                {
                    "stat": [
                        "doGAToPass2",
                        "entry",
                        0.45021796226501465,
                        0.076069999999999999,
                        0.065014000000000002,
                        292496,
                        304840,
                        0.0065529999999999998,
                        0.019297999999999999,
                        1557066018.70227,
                        20867771048925056
                    ],
                    "sub": [
                        {
                            "stat": [
                                "DoPass2",
                                "entry",
                                0.49477696418762207,
                                0.076560000000000003,
                                0.067612000000000005,
                                291072,
                                304840,
                                0.023531,
                                0.043813999999999999,
                                1557066018.746829,
                                20867771167820776
                            ],
                            "sub": []
                        },
                        {
                            "stat": [
                                "DoPass2",
                                "exit",
                                0.51696181297302246,
                                0.089633000000000004,
                                0.076686000000000004,
                                300920,
                                304840,
                                0.023531,
                                0.043813999999999999,
                                1557066018.7690139,
                                20867771226938640
                            ],