{
    "Modules": {
        "adder_tb": {
            "nMops": 514,
            "child_modules": {},
            "start_perf": [
                0.50036883354187012,
                0.077867000000000006,
                0.071876999999999996,
                293884,
                304840,
                1557066018.7524209,
                20867771182668016
            ],
            "nRouts": 39,
            "Compiled": "Yes",
            "end_perf": [
                0.51363492012023926,
                0.086995000000000003,
                0.075995999999999994,
                299260,
                304840,
                20867771218136280,
                12884901889,
                0
            ],
            "Compiled Times": 1,
            "nQuads": 214
        },
        "...MASTER...": {
            "nMops": 0,
            "child_modules": {
                "adder_tb": 1
            },
            "start_perf": [
                0.49495601654052734,
                0.076656000000000002,
                0.067696000000000006,
                291072,
                304840,
                1557066018.7470081,
                20867771168227144
            ],
            "end_perf": [
                0.50021982192993164,
                0.077799999999999994,
                0.071815000000000004,
                293884,
                304840,
                20867771182303776,
                0,
                0
            ],
            "nQuads": 0,
            "nRouts": 5
        }
    },
    "CompUnits": {
        "tqbtF_d": {
            "archive": "archive.0/_12385_archive_1.a",
            "mode": 4,
            "mod": "adder_tb",
            "checksum": 0,
            "out": "tqbtF_d.o",
            "bytes": 18770,
            "text": 4642
        },
        "amcQw_d": {
            "mode": 4,
            "mod": "...MASTER...",
            "checksum": 0,
            "out": "objs/amcQw_d.o",
            "bytes": 7642,
            "text": 402
        }
    },
    "reusePaths": {},
    "ObjArchives": [
        {
            "archive": "archive.0/_12385_archive_1.a",
            "size": 119292,
            "objects": [
                [
                    "tqbtF_d.o",
                    18770
                ],
                [
                    "amcQwB.o",
                    100522
                ]
            ]
        }
    ],
    "stat": {
        "cpu_cycles_end": 20867771278001672,
        "ru_childs_end": {
            "ru_minflt": 10588,
            "ru_utime_sec": 0.023531,
            "ru_nivcsw": 24,
            "ru_stime_sec": 0.043813999999999999,
            "ru_maxrss_kb": 16204,
            "ru_majflt": 0,
            "ru_nvcsw": 25
        },
        "ru_self_end": {
            "ru_minflt": 28543,
            "ru_utime_sec": 0.093035000000000007,
            "ru_nivcsw": 47,
            "ru_stime_sec": 0.079029000000000002,
            "ru_maxrss_kb": 73228,
            "ru_majflt": 0,
            "ru_nvcsw": 51
        },
        "peak_mem_kb": 304840
    }
}